CHAMP_YEAR,DIVISION,EVENT,SEX,TIME_SECS_AVG,TIME_SECS_SCALED,TREAT,AFTER,TREAT_AFTER
2010,D1,100,Men,10.375700000000004,1.0,0,False,0
2011,D1,100,Men,10.3272,0.9953256165849047,0,False,0
2012,D1,100,Men,10.319199999999997,0.9945545842690126,0,False,0
2013,D1,100,Men,10.345300000000003,0.9970700771996106,0,False,0
2014,D1,100,Men,10.307999999999987,0.9934751390267629,0,False,0
2015,D1,100,Men,10.2914,0.9918752469712883,0,False,0
2016,D1,100,Men,10.311199999999996,0.9937835519531205,0,False,0
2017,D1,100,Men,10.241799999999998,0.9870948466127581,0,False,0
2018,D1,100,Men,10.252400000000007,0.9881164644313157,0,False,0
2019,D1,100,Men,10.252500000000003,0.9881261023352641,0,False,0
2021,D1,100,Men,10.239100000000002,0.986834623206145,0,True,0
2010,D1,100,Women,11.524000000000006,1.0,0,False,0
2011,D1,100,Women,11.426100000000003,0.9915046858729606,0,False,0
2012,D1,100,Women,11.4723,0.9955137105171811,0,False,0
2013,D1,100,Women,11.466800000000005,0.9950364456785836,0,False,0
2014,D1,100,Women,11.446099999999996,0.9932401943769515,0,False,0
2015,D1,100,Women,11.429899999999993,0.991834432488718,0,False,0
2016,D1,100,Women,11.388600000000004,0.9882506074279762,0,False,0
2017,D1,100,Women,11.365300000000007,0.9862287400208262,0,False,0
2018,D1,100,Women,11.305299999999999,0.9810222145088505,0,False,0
2019,D1,100,Women,11.39029999999999,0.9883981256508142,0,False,0
2021,D1,100,Women,11.360699999999994,0.985829573064907,0,True,0
2010,D1,10000,Men,1758.4778,1.0,1,False,0
2011,D1,10000,Men,1763.7108999999996,1.0029759261106395,1,False,0
2012,D1,10000,Men,1757.632,0.9995190158215248,1,False,0
2013,D1,10000,Men,1766.8601,1.004766793188973,1,False,0
2014,D1,10000,Men,1754.0795,0.9974988026576168,1,False,0
2015,D1,10000,Men,1756.9219999999998,0.9991152575255712,1,False,0
2016,D1,10000,Men,1759.0130000000008,1.0003043541408376,1,False,0
2017,D1,10000,Men,1755.5072000000002,0.9983106980366772,1,False,0
2018,D1,10000,Men,1756.5549999999996,0.9989065542937191,1,False,0
2019,D1,10000,Men,1746.852699999999,0.9933891118784662,1,False,0
2021,D1,10000,Men,1732.0590999999997,0.9849763812770339,1,True,1
2010,D1,10000,Women,2074.2542999999996,1.0,1,False,0
2011,D1,10000,Women,2063.2186000000006,0.9946796783788762,1,False,0
2012,D1,10000,Women,2054.1848,0.9903244746798887,1,False,0
2013,D1,10000,Women,2055.453200000001,0.9909359715440875,1,False,0
2014,D1,10000,Women,2043.650100000001,0.985245685642306,1,False,0
2015,D1,10000,Women,2043.1394999999998,0.9849995248894989,1,False,0
2016,D1,10000,Women,2048.2688999999987,0.9874724135801474,1,False,0
2017,D1,10000,Women,2044.4388000000004,0.9856259186735208,1,False,0
2018,D1,10000,Women,2038.5408999999997,0.9827825353911525,1,False,0
2019,D1,10000,Women,2028.7484,0.9780615616899048,1,False,0
2021,D1,10000,Women,2024.4236000000008,0.9759765714358173,1,True,1
2010,D1,100H,Women,13.464700000000002,1.0,0,False,0
2011,D1,100H,Women,13.412700000000012,0.9961380498637185,0,False,0
2012,D1,100H,Women,13.42320000000002,0.9969178667181606,0,False,0
2013,D1,100H,Women,13.413500000000015,0.9961974644812,0,False,0
2014,D1,100H,Women,13.377200000000006,0.9935015262129868,0,False,0
2015,D1,100H,Women,13.351099999999981,0.9915631243176587,0,False,0
2016,D1,100H,Women,13.29399999999999,0.9873224059949339,0,False,0
2017,D1,100H,Women,13.269599999999999,0.985510260161756,0,False,0
2018,D1,100H,Women,13.232199999999995,0.9827326267945066,0,False,0
2019,D1,100H,Women,13.285899999999996,0.9867208329929367,0,False,0
2021,D1,100H,Women,13.206599999999998,0.9808313590351063,0,True,0
2010,D1,110H,Men,13.992800000000004,1.0,0,False,0
2011,D1,110H,Men,13.947200000000002,0.9967411811788919,0,False,0
2012,D1,110H,Men,13.92700000000001,0.9952975816134016,0,False,0
2013,D1,110H,Men,13.95060000000001,0.996984163283975,0,False,0
2014,D1,110H,Men,13.91890000000001,0.9947187124807048,0,False,0
2015,D1,110H,Men,13.917900000000014,0.9946472471556808,0,False,0
2016,D1,110H,Men,13.924400000000015,0.9951117717683388,0,False,0
2017,D1,110H,Men,13.93810000000002,0.996090846721172,0,False,0
2018,D1,110H,Men,13.898699999999995,0.9932751129152129,0,False,0
2019,D1,110H,Men,13.89059999999999,0.9926962437825158,0,False,0
2021,D1,110H,Men,13.806899999999999,0.9867145960779826,0,True,0
2010,D1,1500,Men,223.63960000000003,1.0,1,False,0
2011,D1,1500,Men,224.04330000000016,1.0018051364785132,1,False,0
2012,D1,1500,Men,223.44920000000002,0.9991486302068149,1,False,0
2013,D1,1500,Men,223.50869999999995,0.9994146832671849,1,False,0
2014,D1,1500,Men,223.4126,0.998984974038587,1,False,0
2015,D1,1500,Men,222.7486,0.9960159113144541,1,False,0
2016,D1,1500,Men,222.98179999999996,0.9970586604519054,1,False,0
2017,D1,1500,Men,223.13279999999997,0.9977338539328453,1,False,0
2018,D1,1500,Men,222.99860000000004,0.9971337813160103,1,False,0
2019,D1,1500,Men,223.48659999999995,0.9993158635590473,1,False,0
2021,D1,1500,Men,220.62079999999997,0.9865014961572098,1,True,1
2010,D1,1500,Women,261.17510000000004,1.0,1,False,0
2011,D1,1500,Women,260.3834999999999,0.9969690831936118,1,False,0
2012,D1,1500,Women,259.11019999999996,0.9920938098616595,1,False,0
2013,D1,1500,Women,258.9167,0.991352927595318,1,False,0
2014,D1,1500,Women,259.81870000000004,0.9948065493226574,1,False,0
2015,D1,1500,Women,258.8479,0.9910895027895077,1,False,0
2016,D1,1500,Women,259.28030000000007,0.9927450970632347,1,False,0
2017,D1,1500,Women,258.5880000000001,0.990094384954768,1,False,0
2018,D1,1500,Women,258.5838,0.9900783037892967,1,False,0
2019,D1,1500,Women,258.3488,0.989178524292706,1,False,0
2021,D1,1500,Women,255.8,0.9794195541611738,1,True,1
2010,D1,200,Men,20.869199999999992,1.0,0,False,0
2011,D1,200,Men,20.830099999999998,0.9981264255457807,0,False,0
2012,D1,200,Men,20.773899999999998,0.9954334617522476,0,False,0
2013,D1,200,Men,20.829400000000007,0.998092883292125,0,False,0
2014,D1,200,Men,20.740099999999995,0.9938138500757098,0,False,0
2015,D1,200,Men,20.7373,0.9936796810610856,0,False,0
2016,D1,200,Men,20.71580000000001,0.9926494546987914,0,False,0
2017,D1,200,Men,20.6341,0.9887345945220711,0,False,0
2018,D1,200,Men,20.608800000000002,0.9875222816399292,0,False,0
2019,D1,200,Men,20.686000000000003,0.9912215130431454,0,False,0
2021,D1,200,Men,20.608399999999993,0.9875031146378395,0,True,0
2010,D1,200,Women,23.516900000000007,1.0,0,False,0
2011,D1,200,Women,23.394700000000007,0.9948037368870898,0,False,0
2012,D1,200,Women,23.43610000000002,0.9965641729989928,0,False,0
2013,D1,200,Women,23.39820000000001,0.994952566026985,0,False,0
2014,D1,200,Women,23.343899999999994,0.9926435882280398,0,False,0
2015,D1,200,Women,23.320599999999992,0.991652811382452,0,False,0
2016,D1,200,Women,23.179500000000004,0.9856528709141085,0,False,0
2017,D1,200,Women,23.0688,0.980945617832282,0,False,0
2018,D1,200,Women,23.05619999999999,0.9804098329286591,0,False,0
2019,D1,200,Women,23.221000000000007,0.9874175592871509,0,False,0
2021,D1,200,Women,23.180200000000013,0.9856826367420879,0,True,0
2010,D1,3000S,Men,533.9709999999999,1.0,1,False,0
2011,D1,3000S,Men,534.7191000000001,1.0014010124145323,1,False,0
2012,D1,3000S,Men,534.2329,1.0004904760745434,1,False,0
2013,D1,3000S,Men,534.2110000000001,1.0004494626112659,1,False,0
2014,D1,3000S,Men,534.331,1.0006741939168984,1,False,0
2015,D1,3000S,Men,531.5527000000001,0.9954711023632373,1,False,0
2016,D1,3000S,Men,530.5111,0.9935204346303455,1,False,0
2017,D1,3000S,Men,533.7441,0.9995750705562664,1,False,0
2018,D1,3000S,Men,533.9309000000002,0.9999249022887016,1,False,0
2019,D1,3000S,Men,532.3514000000001,0.9969668764783111,1,False,0
2021,D1,3000S,Men,527.5473999999999,0.9879701332094815,1,True,1
2010,D1,3000S,Women,627.8093,1.0,1,False,0
2011,D1,3000S,Women,625.1673000000001,0.9957917157327871,1,False,0
2012,D1,3000S,Women,620.0576,0.9876527792754901,1,False,0
2013,D1,3000S,Women,621.4186,0.989820635024043,1,False,0
2014,D1,3000S,Women,617.8174,0.9840844982704143,1,False,0
2015,D1,3000S,Women,616.1311000000001,0.9813984915483094,1,False,0
2016,D1,3000S,Women,615.6247999999999,0.9805920364671246,1,False,0
2017,D1,3000S,Women,616.3110999999997,0.9816852028155678,1,False,0
2018,D1,3000S,Women,615.7143,0.9807345956805673,1,False,0
2019,D1,3000S,Women,615.8524999999997,0.9809547262202069,1,False,0
2021,D1,3000S,Women,606.4839,0.9660320418955245,1,True,1
2010,D1,400,Men,46.4797,1.0,0,False,0
2011,D1,400,Men,46.45840000000001,0.9995417354242823,0,False,0
2012,D1,400,Men,46.39000000000001,0.9980701252374694,0,False,0
2013,D1,400,Men,46.526399999999995,1.0010047397035693,0,False,0
2014,D1,400,Men,46.46120000000002,0.999601976776959,0,False,0
2015,D1,400,Men,46.387100000000004,0.9980077324079115,0,False,0
2016,D1,400,Men,46.29459999999999,0.9960176162927038,0,False,0
2017,D1,400,Men,46.22870000000001,0.9945997930279242,0,False,0
2018,D1,400,Men,46.2061,0.994113559252749,0,False,0
2019,D1,400,Men,46.208500000000015,0.9941651946979007,0,False,0
2021,D1,400,Men,46.10639999999999,0.9919685368020875,0,True,0
2010,D1,400,Women,53.6444,1.0,0,False,0
2011,D1,400,Women,53.503599999999985,0.9973753085130971,0,False,0
2012,D1,400,Women,53.26590000000001,0.9929442775014728,0,False,0
2013,D1,400,Women,53.20870000000001,0.9918779965849186,0,False,0
2014,D1,400,Women,53.1611,0.9909906719061077,0,False,0
2015,D1,400,Women,52.97319999999998,0.9874879763777762,0,False,0
2016,D1,400,Women,52.95089999999998,0.9870722759505184,0,False,0
2017,D1,400,Women,53.044200000000025,0.9888115068860874,0,False,0
2018,D1,400,Women,52.74370000000001,0.9832098038192246,0,False,0
2019,D1,400,Women,52.94230000000002,0.9869119609875405,0,False,0
2021,D1,400,Women,52.75460000000001,0.9834129937141624,0,True,0
2010,D1,400H,Men,51.322999999999986,1.0,0,False,0
2011,D1,400H,Men,51.43889999999997,1.002258246789938,0,False,0
2012,D1,400H,Men,51.36000000000001,1.0007209243419133,0,False,0
2013,D1,400H,Men,51.70860000000002,1.0075132007092342,0,False,0
2014,D1,400H,Men,51.369200000000006,1.000900181205308,0,False,0
2015,D1,400H,Men,51.18160000000001,0.9972448999473925,0,False,0
2016,D1,400H,Men,51.43309999999999,1.002145237028233,0,False,0
2017,D1,400H,Men,51.328399999999995,1.000105215985036,0,False,0
2018,D1,400H,Men,51.20320000000001,0.9976657638875362,0,False,0
2019,D1,400H,Men,51.233099999999986,0.9982483486935682,0,False,0
2021,D1,400H,Men,51.09319999999998,0.99552247530347,0,True,0
2010,D1,400H,Women,58.977500000000035,1.0,0,False,0
2011,D1,400H,Women,58.776199999999996,0.9965868339621036,0,False,0
2012,D1,400H,Women,58.62640000000001,0.994046882285617,0,False,0
2013,D1,400H,Women,58.64280000000001,0.9943249544317744,0,False,0
2014,D1,400H,Women,58.5586,0.9928972913399171,0,False,0
2015,D1,400H,Women,58.489699999999985,0.9917290492136823,0,False,0
2016,D1,400H,Women,58.21629999999999,0.987093383069814,0,False,0
2017,D1,400H,Women,58.536200000000015,0.9925174854817512,0,False,0
2018,D1,400H,Women,58.3984,0.9901810012292818,0,False,0
2019,D1,400H,Women,58.714299999999994,0.9955372811665458,0,False,0
2021,D1,400H,Women,58.59660000000001,0.9935416048493065,0,True,0
2010,D1,4x100,Men,40.042,1.0,0,False,0
2011,D1,4x100,Men,39.99440000000001,0.9988112481894014,0,False,0
2012,D1,4x100,Men,39.8838,0.9960491483941861,0,False,0
2013,D1,4x100,Men,40.099100000000014,1.0014260026971682,0,False,0
2014,D1,4x100,Men,39.8929,0.9962764097697416,0,False,0
2015,D1,4x100,Men,39.89460000000001,0.9963188651915491,0,False,0
2016,D1,4x100,Men,39.772699999999986,0.9932745617102039,0,False,0
2017,D1,4x100,Men,39.639500000000005,0.9899480545427303,0,False,0
2018,D1,4x100,Men,39.592699999999994,0.988779281754158,0,False,0
2019,D1,4x100,Men,39.67979999999997,0.990954497777333,0,False,0
2021,D1,4x100,Men,39.6844,0.9910693771539882,0,True,0
2010,D1,4x100,Women,44.866700000000016,1.0,0,False,0
2011,D1,4x100,Women,44.581100000000006,0.9936344772403585,0,False,0
2012,D1,4x100,Women,44.60280000000002,0.9941181321559198,0,False,0
2013,D1,4x100,Women,44.8093,0.9987206547394835,0,False,0
2014,D1,4x100,Women,44.5974,0.993997775633153,0,False,0
2015,D1,4x100,Women,44.60530000000001,0.9941738527683113,0,False,0
2016,D1,4x100,Women,44.42370000000001,0.9901263074841696,0,False,0
2017,D1,4x100,Women,44.26920000000002,0.9866827736383554,0,False,0
2018,D1,4x100,Women,44.243300000000005,0.9861055080939759,0,False,0
2019,D1,4x100,Women,44.34460000000002,0.9883633073080927,0,False,0
2021,D1,4x100,Women,44.46259999999998,0.9909933202129857,0,True,0
2010,D1,4x400,Men,187.56830000000002,1.0,0,False,0
2011,D1,4x400,Men,187.58870000000002,1.000108760382218,0,False,0
2012,D1,4x400,Men,187.61339999999996,1.0002404457469622,0,False,0
2013,D1,4x400,Men,188.05800000000002,1.0026107823123631,0,False,0
2014,D1,4x400,Men,187.28479999999993,0.998488550570645,0,False,0
2015,D1,4x400,Men,187.387,0.999033418759993,0,False,0
2016,D1,4x400,Men,186.74839999999998,0.9956287922852634,0,False,0
2017,D1,4x400,Men,186.56910000000005,0.9946728738278271,0,False,0
2018,D1,4x400,Men,186.70189999999994,0.9953808825905013,0,False,0
2019,D1,4x400,Men,187.02059999999997,0.997079996993095,0,False,0
2021,D1,4x400,Men,186.81990000000005,0.9960099867621556,0,True,0
2010,D1,4x400,Women,217.32380000000003,1.0,0,False,0
2011,D1,4x400,Women,216.97580000000013,0.998398702765183,0,False,0
2012,D1,4x400,Women,216.1964999999999,0.994812809273535,0,False,0
2013,D1,4x400,Women,216.4513000000001,0.9959852533408676,0,False,0
2014,D1,4x400,Women,215.43130000000002,0.9912917959284716,0,False,0
2015,D1,4x400,Women,216.04849999999996,0.9941317978058544,0,False,0
2016,D1,4x400,Women,214.4496999999999,0.9867750333833656,0,False,0
2017,D1,4x400,Women,215.13730000000007,0.9899389758507814,0,False,0
2018,D1,4x400,Women,215.09639999999996,0.9897507774114015,0,False,0
2019,D1,4x400,Women,215.42930000000007,0.9912825930708005,0,False,0
2021,D1,4x400,Women,215.17889999999997,0.9901303952903453,0,True,0
2010,D1,5000,Men,833.8463000000004,1.0,1,False,0
2011,D1,5000,Men,834.0276999999999,1.00021754608733,1,False,0
2012,D1,5000,Men,833.1030000000002,0.999108588717129,1,False,0
2013,D1,5000,Men,834.6534999999997,1.0009680441107662,1,False,0
2014,D1,5000,Men,833.6480999999997,0.9997623063147241,1,False,0
2015,D1,5000,Men,832.7811,0.9987225463493687,1,False,0
2016,D1,5000,Men,832.405,0.9982715039930016,1,False,0
2017,D1,5000,Men,833.6889000000003,0.9998112361954474,1,False,0
2018,D1,5000,Men,831.0865000000002,0.9966902773328847,1,False,0
2019,D1,5000,Men,831.2390999999999,0.9968732846808812,1,False,0
2021,D1,5000,Men,821.9372999999998,0.9857179914331927,1,True,1
2010,D1,5000,Women,976.0531999999996,1.0,1,False,0
2011,D1,5000,Women,975.4522999999997,0.9993843573280637,1,False,0
2012,D1,5000,Women,970.9899,0.9948124753855634,1,False,0
2013,D1,5000,Women,966.0398999999999,0.9897410305094029,1,False,0
2014,D1,5000,Women,963.9159000000001,0.9875649196170869,1,False,0
2015,D1,5000,Women,966.1322999999995,0.9898356974804241,1,False,0
2016,D1,5000,Women,969.9143,0.9937104862726749,1,False,0
2017,D1,5000,Women,964.4822000000001,0.9881451134016062,1,False,0
2018,D1,5000,Women,963.1632000000001,0.986793752635615,1,False,0
2019,D1,5000,Women,961.0476999999998,0.9846263502850052,1,False,0
2021,D1,5000,Women,952.1107,0.9754700870813193,1,True,1
2010,D1,800,Men,108.94490000000003,1.0,1,False,0
2011,D1,800,Men,109.0111,1.0006076466176936,1,False,0
2012,D1,800,Men,108.74160000000003,0.9981339190728524,1,False,0
2013,D1,800,Men,109.14869999999999,1.0018706704031117,1,False,0
2014,D1,800,Men,108.85960000000001,0.9992170354004637,1,False,0
2015,D1,800,Men,108.37799999999996,0.9947964521514997,1,False,0
2016,D1,800,Men,108.18919999999999,0.9930634660273217,1,False,0
2017,D1,800,Men,108.41909999999996,0.995173707075778,1,False,0
2018,D1,800,Men,108.62970000000001,0.9971067943520071,1,False,0
2019,D1,800,Men,108.75400000000005,0.998247738076771,1,False,0
2021,D1,800,Men,108.40309999999998,0.9950268438449156,1,True,1
2010,D1,800,Women,126.88690000000003,1.0,1,False,0
2011,D1,800,Women,126.59609999999995,0.9977081952510458,1,False,0
2012,D1,800,Women,126.19919999999998,0.9945802127721612,1,False,0
2013,D1,800,Women,126.19870000000003,0.9945762722550555,1,False,0
2014,D1,800,Women,126.10430000000005,0.9938323026254091,1,False,0
2015,D1,800,Women,125.88140000000001,0.9920756200994744,1,False,0
2016,D1,800,Women,125.85130000000002,0.9918384009696825,1,False,0
2017,D1,800,Women,125.78230000000003,0.9912946096090298,1,False,0
2018,D1,800,Women,125.87160000000006,0.9919983859641935,1,False,0
2019,D1,800,Women,125.67119999999998,0.9904190267080365,1,False,0
2021,D1,800,Women,124.96430000000002,0.9848479236233212,1,True,1
2010,D2,100,Men,10.672899999999997,1.0,0,False,0
2011,D2,100,Men,10.619499999999995,0.994996673818737,0,False,0
2012,D2,100,Men,10.629299999999994,0.9959148872377701,0,False,0
2013,D2,100,Men,10.578400000000004,0.9911457991736086,0,False,0
2014,D2,100,Men,10.636899999999999,0.9966269711137556,0,False,0
2015,D2,100,Men,10.591600000000001,0.9923825764318981,0,False,0
2016,D2,100,Men,10.56039999999999,0.9894592847304851,0,False,0
2017,D2,100,Men,10.545400000000003,0.9880538560278842,0,False,0
2018,D2,100,Men,10.5579,0.9892250466133856,0,False,0
2019,D2,100,Men,10.560000000000004,0.9894218066317503,0,False,0
2021,D2,100,Men,10.5528,0.988747200854501,0,True,0
2010,D2,100,Women,12.131900000000009,1.0,0,False,0
2011,D2,100,Women,11.994399999999999,0.988666243539758,0,False,0
2012,D2,100,Women,12.035799999999997,0.9920787345757868,0,False,0
2013,D2,100,Women,11.988300000000002,0.9881634368895221,0,False,0
2014,D2,100,Women,12.000499999999997,0.989169050189994,0,False,0
2015,D2,100,Women,11.954600000000003,0.9853856362152668,0,False,0
2016,D2,100,Women,11.971800000000005,0.9868033861142934,0,False,0
2017,D2,100,Women,11.885899999999987,0.9797228793511303,0,False,0
2018,D2,100,Women,11.899899999999992,0.9808768618270826,0,False,0
2019,D2,100,Women,11.853399999999992,0.9770439914605283,0,False,0
2021,D2,100,Women,11.870299999999991,0.9784370131636415,0,True,0
2010,D2,10000,Men,1861.0979,1.0,1,False,0
2011,D2,10000,Men,1859.8950000000002,0.9993536610836002,1,False,0
2012,D2,10000,Men,1852.0053000000003,0.9951143892000525,1,False,0
2013,D2,10000,Men,1850.5337999999995,0.9943237268711117,1,False,0
2014,D2,10000,Men,1841.6165999999992,0.9895323615162852,1,False,0
2015,D2,10000,Men,1851.5525999999998,0.9948711456823415,1,False,0
2016,D2,10000,Men,1836.0833000000005,0.9865592239935366,1,False,0
2017,D2,10000,Men,1840.8063000000006,0.989096973351053,1,False,0
2018,D2,10000,Men,1855.461099999999,0.9969712501421871,1,False,0
2019,D2,10000,Men,1843.0343999999996,0.9902941699090626,1,False,0
2021,D2,10000,Men,1810.6479000000002,0.9728923448895408,1,True,1
2010,D2,10000,Women,2236.7898,1.0,1,False,0
2011,D2,10000,Women,2236.3961000000004,0.9998239888254141,1,False,0
2012,D2,10000,Women,2225.0970999999995,0.9947725530579581,1,False,0
2013,D2,10000,Women,2218.4692999999997,0.991809467299967,1,False,0
2014,D2,10000,Women,2222.7968999999994,0.9937442043056524,1,False,0
2015,D2,10000,Women,2209.7878000000005,0.9879282353665957,1,False,0
2016,D2,10000,Women,2200.1628000000005,0.9836251935698207,1,False,0
2017,D2,10000,Women,2199.8556000000003,0.9834878538877458,1,False,0
2018,D2,10000,Women,2208.0476,0.9871502454097385,1,False,0
2019,D2,10000,Women,2214.5885999999996,0.990074525554435,1,False,0
2021,D2,10000,Women,2209.3667,0.9877399744938036,1,True,1
2010,D2,100H,Women,14.531700000000003,1.0,0,False,0
2011,D2,100H,Women,14.449499999999999,0.9943434009785501,0,False,0
2012,D2,100H,Women,14.330199999999996,0.98613376273939,0,False,0
2013,D2,100H,Women,14.276099999999992,0.9824108672763675,0,False,0
2014,D2,100H,Women,14.388200000000005,0.9901250369881021,0,False,0
2015,D2,100H,Women,14.250500000000002,0.9806492014010749,0,False,0
2016,D2,100H,Women,14.269600000000004,0.9819635693002197,0,False,0
2017,D2,100H,Women,14.183299999999997,0.9760248284784295,0,False,0
2018,D2,100H,Women,14.229599999999998,0.9792109663700734,0,False,0
2019,D2,100H,Women,14.2635,0.9815437973533722,0,False,0
2021,D2,100H,Women,14.356900000000003,0.9879711251952629,0,True,0
2010,D2,110H,Men,14.843600000000002,1.0,0,False,0
2011,D2,110H,Men,14.732000000000003,0.992481608235199,0,False,0
2012,D2,110H,Men,14.642299999999999,0.9864385998005872,0,False,0
2013,D2,110H,Men,14.645100000000005,0.986627233285726,0,False,0
2014,D2,110H,Men,14.686399999999994,0.9894095771915163,0,False,0
2015,D2,110H,Men,14.510899999999998,0.9775862998194506,0,False,0
2016,D2,110H,Men,14.603700000000003,0.9838381524697514,0,False,0
2017,D2,110H,Men,14.577699999999995,0.9820865558220373,0,False,0
2018,D2,110H,Men,14.539800000000012,0.9795332668624869,0,False,0
2019,D2,110H,Men,14.548799999999996,0.980139588779002,0,False,0
2021,D2,110H,Men,14.518799999999999,0.9781185157239481,0,True,0
2010,D2,1500,Men,233.42010000000002,1.0,1,False,0
2011,D2,1500,Men,233.58080000000007,1.0006884582775863,1,False,0
2012,D2,1500,Men,232.20229999999992,0.9947827971969848,1,False,0
2013,D2,1500,Men,232.86270000000002,0.9976120308405317,1,False,0
2014,D2,1500,Men,231.94209999999993,0.9936680688595365,1,False,0
2015,D2,1500,Men,231.29320000000007,0.9908881026098441,1,False,0
2016,D2,1500,Men,230.93919999999997,0.9893715237033998,1,False,0
2017,D2,1500,Men,230.61800000000002,0.9879954639724685,1,False,0
2018,D2,1500,Men,231.246,0.9906858920889846,1,False,0
2019,D2,1500,Men,231.19200000000012,0.9904545495439343,1,False,0
2021,D2,1500,Men,228.67629999999997,0.9796769858294121,1,True,1
2010,D2,1500,Women,277.06180000000006,1.0,1,False,0
2011,D2,1500,Women,276.4059999999999,0.997633019059285,1,False,0
2012,D2,1500,Women,275.43390000000005,0.9941244155636034,1,False,0
2013,D2,1500,Women,276.30389999999994,0.9972645092177986,1,False,0
2014,D2,1500,Women,275.2249,0.9933700712259862,1,False,0
2015,D2,1500,Women,273.5266,0.9872403918548133,1,False,0
2016,D2,1500,Women,273.5124,0.9871891397514921,1,False,0
2017,D2,1500,Women,272.69920000000013,0.9842540545105823,1,False,0
2018,D2,1500,Women,272.79650000000004,0.9846052396974249,1,False,0
2019,D2,1500,Women,273.8000000000001,0.9882271753089025,1,False,0
2021,D2,1500,Women,272.5786,0.9838187725626555,1,True,1
2010,D2,200,Men,21.504,1.0,0,False,0
2011,D2,200,Men,21.47149999999999,0.9984886532738089,0,False,0
2012,D2,200,Men,21.493100000000005,0.999493117559524,0,False,0
2013,D2,200,Men,21.405200000000008,0.9954055059523812,0,False,0
2014,D2,200,Men,21.4533,0.9976422991071427,0,False,0
2015,D2,200,Men,21.442499999999995,0.9971400669642855,0,False,0
2016,D2,200,Men,21.340799999999994,0.9924107142857139,0,False,0
2017,D2,200,Men,21.320700000000006,0.991476004464286,0,False,0
2018,D2,200,Men,21.313599999999997,0.9911458333333332,0,False,0
2019,D2,200,Men,21.275799999999993,0.989388020833333,0,False,0
2021,D2,200,Men,21.354100000000003,0.9930292038690477,0,True,0
2010,D2,200,Women,24.798000000000012,1.0,0,False,0
2011,D2,200,Women,24.6143,0.992592144527784,0,False,0
2012,D2,200,Women,24.613300000000013,0.992551818695056,0,False,0
2013,D2,200,Women,24.537600000000015,0.9894991531575128,0,False,0
2014,D2,200,Women,24.5975,0.9919146705379461,0,False,0
2015,D2,200,Women,24.457499999999985,0.9862690539559631,0,False,0
2016,D2,200,Women,24.479999999999986,0.9871763851923532,0,False,0
2017,D2,200,Women,24.362100000000005,0.9824219695136702,0,False,0
2018,D2,200,Women,24.442700000000016,0.9856722316315834,0,False,0
2019,D2,200,Women,24.3372,0.9814178562787317,0,False,0
2021,D2,200,Women,24.479899999999994,0.9871723526090806,0,True,0
2010,D2,3000S,Men,564.6561999999999,1.0,1,False,0
2011,D2,3000S,Men,566.1686000000001,1.0026784439806031,1,False,0
2012,D2,3000S,Men,560.5642000000003,0.9927531124248709,1,False,0
2013,D2,3000S,Men,565.7625999999999,1.0019594223883488,1,False,0
2014,D2,3000S,Men,563.3216000000001,0.9976364378891088,1,False,0
2015,D2,3000S,Men,556.5706,0.9856804901814593,1,False,0
2016,D2,3000S,Men,559.1146000000001,0.9901858865624785,1,False,0
2017,D2,3000S,Men,556.8216999999999,0.9861251855553874,1,False,0
2018,D2,3000S,Men,558.2301999999997,0.9886196237639822,1,False,0
2019,D2,3000S,Men,558.1777,0.9885266468339496,1,False,0
2021,D2,3000S,Men,555.1945000000001,0.9832434320211133,1,True,1
2010,D2,3000S,Women,680.0171999999999,1.0,1,False,0
2011,D2,3000S,Women,683.6944,1.0054075102806224,1,False,0
2012,D2,3000S,Women,674.2016,0.9914478633775735,1,False,0
2013,D2,3000S,Women,680.3419000000001,1.0004774879223646,1,False,0
2014,D2,3000S,Women,670.8405,0.9865051942803802,1,False,0
2015,D2,3000S,Women,664.7810000000001,0.9775943902595408,1,False,0
2016,D2,3000S,Women,661.4088999999999,0.9726355451009181,1,False,0
2017,D2,3000S,Women,659.6671000000001,0.9700741393011827,1,False,0
2018,D2,3000S,Women,662.4162999999999,0.9741169782176098,1,False,0
2019,D2,3000S,Women,663.25,0.9753429766188269,1,False,0
2021,D2,3000S,Women,671.4186000000002,0.9873553198360281,1,True,1
2010,D2,400,Men,48.09350000000001,1.0,0,False,0
2011,D2,400,Men,48.128099999999996,1.0007194319398667,0,False,0
2012,D2,400,Men,47.93660000000003,0.9967376048738398,0,False,0
2013,D2,400,Men,47.96979999999999,0.9974279268508214,0,False,0
2014,D2,400,Men,48.05590000000002,0.999218189568237,0,False,0
2015,D2,400,Men,47.91780000000001,0.9963466996579579,0,False,0
2016,D2,400,Men,47.811899999999994,0.994144738894029,0,False,0
2017,D2,400,Men,47.80399999999999,0.9939804755320361,0,False,0
2018,D2,400,Men,47.755700000000004,0.9929761818125109,0,False,0
2019,D2,400,Men,47.760900000000014,0.9930843045317974,0,False,0
2021,D2,400,Men,48.15939999999998,1.001370247538648,0,True,0
2010,D2,400,Women,56.80980000000002,1.0,0,False,0
2011,D2,400,Women,56.46729999999999,0.9939711106182378,0,False,0
2012,D2,400,Women,56.15589999999998,0.9884896619949368,0,False,0
2013,D2,400,Women,56.179200000000016,0.9888998024988647,0,False,0
2014,D2,400,Women,56.09110000000001,0.9873490137265049,0,False,0
2015,D2,400,Women,55.8839,0.983701755682998,0,False,0
2016,D2,400,Women,55.93159999999998,0.9845413995472606,0,False,0
2017,D2,400,Women,55.86589999999998,0.9833849089417664,0,False,0
2018,D2,400,Women,56.00370000000001,0.9858105467718596,0,False,0
2019,D2,400,Women,55.7478,0.981306042267355,0,False,0
2021,D2,400,Women,56.33839999999997,0.9917021358990871,0,True,0
2010,D2,400H,Men,54.197199999999995,1.0,0,False,0
2011,D2,400H,Men,53.76469999999997,0.992019882945982,0,False,0
2012,D2,400H,Men,53.50880000000003,0.9872982368092823,0,False,0
2013,D2,400H,Men,53.9076,0.9946565505229054,0,False,0
2014,D2,400H,Men,53.7483,0.9917172842877493,0,False,0
2015,D2,400H,Men,53.58909999999999,0.9887798631663627,0,False,0
2016,D2,400H,Men,53.720600000000005,0.9912061877735383,0,False,0
2017,D2,400H,Men,53.41420000000002,0.9855527591831317,0,False,0
2018,D2,400H,Men,53.28060000000001,0.9830876871867922,0,False,0
2019,D2,400H,Men,53.35090000000001,0.9843848021669018,0,False,0
2021,D2,400H,Men,53.850599999999986,0.9936048356741675,0,True,0
2010,D2,400H,Women,63.46539999999999,1.0,0,False,0
2011,D2,400H,Women,63.006799999999984,0.9927740154477872,0,False,0
2012,D2,400H,Women,62.64760000000003,0.9871142386245111,0,False,0
2013,D2,400H,Women,62.81890000000003,0.9898133471151216,0,False,0
2014,D2,400H,Women,62.516999999999996,0.9850564244454459,0,False,0
2015,D2,400H,Women,62.31149999999999,0.9818184396537326,0,False,0
2016,D2,400H,Women,62.11149999999995,0.9786671162554709,0,False,0
2017,D2,400H,Women,61.81109999999999,0.9739338285112833,0,False,0
2018,D2,400H,Women,61.96800000000004,0.9764060417172199,0,False,0
2019,D2,400H,Women,61.97449999999999,0.9765084597276626,0,False,0
2021,D2,400H,Women,63.006899999999966,0.9927755911094861,0,True,0
2010,D2,4x100,Men,41.50619999999998,1.0,0,False,0
2011,D2,4x100,Men,41.22569999999999,0.9932419734882983,0,False,0
2012,D2,4x100,Men,41.099900000000005,0.9902111009921416,0,False,0
2013,D2,4x100,Men,41.1959,0.992524008461387,0,False,0
2014,D2,4x100,Men,41.21330000000002,0.9929432229401882,0,False,0
2015,D2,4x100,Men,41.2074,0.9928010755019737,0,False,0
2016,D2,4x100,Men,41.15040000000002,0.9914277866921096,0,False,0
2017,D2,4x100,Men,41.1087,0.9904231175101555,0,False,0
2018,D2,4x100,Men,41.0994,0.9901990545990725,0,False,0
2019,D2,4x100,Men,41.051899999999996,0.9890546472575186,0,False,0
2021,D2,4x100,Men,41.24749999999999,0.9937671962261062,0,True,0
2010,D2,4x100,Women,47.48929999999999,1.0,0,False,0
2011,D2,4x100,Women,47.13809999999999,0.992604649889554,0,False,0
2012,D2,4x100,Women,46.968199999999996,0.9890270018720007,0,False,0
2013,D2,4x100,Women,46.8364,0.9862516398430805,0,False,0
2014,D2,4x100,Women,47.07060000000002,0.9911832770750469,0,False,0
2015,D2,4x100,Women,46.989400000000025,0.9894734182226319,0,False,0
2016,D2,4x100,Women,46.904500000000006,0.9876856470826062,0,False,0
2017,D2,4x100,Women,46.654399999999995,0.9824191975876672,0,False,0
2018,D2,4x100,Women,46.8654,0.9868623037189431,0,False,0
2019,D2,4x100,Women,46.6299,0.9819032918994385,0,False,0
2021,D2,4x100,Women,47.083099999999995,0.9914464942629182,0,True,0
2010,D2,4x400,Men,195.17089999999993,1.0,0,False,0
2011,D2,4x400,Men,195.13769999999997,0.9998298926735494,0,False,0
2012,D2,4x400,Men,194.12539999999998,0.9946431563311952,0,False,0
2013,D2,4x400,Men,194.44679999999988,0.9962899182203901,0,False,0
2014,D2,4x400,Men,194.1653,0.9948475925458153,0,False,0
2015,D2,4x400,Men,194.02270000000004,0.9941169508364214,0,False,0
2016,D2,4x400,Men,194.13190000000003,0.9946764604764342,0,False,0
2017,D2,4x400,Men,194.82910000000004,0.9982487143319014,0,False,0
2018,D2,4x400,Men,193.94579999999993,0.9937229371796718,0,False,0
2019,D2,4x400,Men,193.86069999999995,0.9932869090627754,0,False,0
2021,D2,4x400,Men,195.47490000000005,1.001557609254249,0,True,0
2010,D2,4x400,Women,231.34290000000004,1.0,0,False,0
2011,D2,4x400,Women,231.38640000000007,1.0001880325698347,0,False,0
2012,D2,4x400,Women,229.21750000000011,0.9908127718637575,0,False,0
2013,D2,4x400,Women,228.97260000000003,0.9897541701085272,0,False,0
2014,D2,4x400,Women,228.4623,0.987548353547915,0,False,0
2015,D2,4x400,Women,228.18269999999995,0.9863397579955984,0,False,0
2016,D2,4x400,Women,228.9801,0.9897865895171192,0,False,0
2017,D2,4x400,Women,227.82330000000002,0.9847862199358614,0,False,0
2018,D2,4x400,Women,229.86399999999986,0.9936073248844024,0,False,0
2019,D2,4x400,Women,228.91820000000007,0.9895190213315387,0,False,0
2021,D2,4x400,Women,230.59830000000002,0.9967814011149683,0,True,0
2010,D2,5000,Men,879.0524,1.0,1,False,0
2011,D2,5000,Men,877.0647999999998,0.9977389288738643,1,False,0
2012,D2,5000,Men,876.7789999999998,0.9974138060484219,1,False,0
2013,D2,5000,Men,877.5323999999997,0.9982708653090528,1,False,0
2014,D2,5000,Men,873.5832000000003,0.9937783003607068,1,False,0
2015,D2,5000,Men,873.9122,0.9941525670142075,1,False,0
2016,D2,5000,Men,871.7476999999998,0.9916902564625268,1,False,0
2017,D2,5000,Men,873.1889999999999,0.9933298629296727,1,False,0
2018,D2,5000,Men,871.0699000000001,0.9909191989009984,1,False,0
2019,D2,5000,Men,872.8778000000003,0.9929758453534742,1,False,0
2021,D2,5000,Men,856.0244000000004,0.973803609432157,1,True,1
2010,D2,5000,Women,1042.9759,1.0,1,False,0
2011,D2,5000,Women,1041.333,0.9984247958174299,1,False,0
2012,D2,5000,Women,1041.9357,0.9990026615188329,1,False,0
2013,D2,5000,Women,1045.4255999999996,1.0023487599282013,1,False,0
2014,D2,5000,Women,1040.5889000000002,0.9977113565136072,1,False,0
2015,D2,5000,Women,1036.024,0.9933345535596747,1,False,0
2016,D2,5000,Women,1026.4749999999997,0.9841790208191769,1,False,0
2017,D2,5000,Women,1027.7425000000005,0.9853942933868373,1,False,0
2018,D2,5000,Women,1028.7590999999998,0.9863690043077695,1,False,0
2019,D2,5000,Women,1033.8747,0.9912738156269959,1,False,0
2021,D2,5000,Women,1027.7302000000002,0.9853825002092572,1,True,1
2010,D2,800,Men,112.97139999999999,1.0,1,False,0
2011,D2,800,Men,113.12940000000005,1.0013985840664101,1,False,0
2012,D2,800,Men,112.47930000000001,0.9956440302589861,1,False,0
2013,D2,800,Men,112.3592,0.9945809293325568,1,False,0
2014,D2,800,Men,112.59170000000006,0.996638972341673,1,False,0
2015,D2,800,Men,112.08120000000004,0.9921201295195071,1,False,0
2016,D2,800,Men,111.90390000000004,0.9905507057538461,1,False,0
2017,D2,800,Men,112.0599,0.9919315862244782,1,False,0
2018,D2,800,Men,111.762,0.9892946356334437,1,False,0
2019,D2,800,Men,111.94200000000005,0.9908879592534044,1,False,0
2021,D2,800,Men,111.8516,0.9900877567242684,1,True,1
2010,D2,800,Women,134.79670000000002,1.0,1,False,0
2011,D2,800,Women,134.74620000000002,0.99962536174847,1,False,0
2012,D2,800,Women,134.06380000000001,0.9945629232763117,1,False,0
2013,D2,800,Women,133.73089999999993,0.992093278247909,1,False,0
2014,D2,800,Women,133.0938,0.9873669014152422,1,False,0
2015,D2,800,Women,132.51559999999998,0.9830774788997058,1,False,0
2016,D2,800,Women,132.44520000000003,0.9825552109213357,1,False,0
2017,D2,800,Women,131.73999999999995,0.9773236288425454,1,False,0
2018,D2,800,Women,132.38260000000002,0.9820908078610234,1,False,0
2019,D2,800,Women,132.36010000000005,0.9819238898281637,1,False,0
2021,D2,800,Women,133.38130000000007,0.9894997429462298,1,True,1
2010,D3,100,Men,10.859800000000002,1.0,0,False,0
2011,D3,100,Men,10.845699999999999,0.9987016335475789,0,False,0
2012,D3,100,Men,10.784999999999995,0.9931122120112703,0,False,0
2013,D3,100,Men,10.8199,0.9963258991878302,0,False,0
2014,D3,100,Men,10.768000000000002,0.9915468056501963,0,False,0
2015,D3,100,Men,10.774200000000008,0.9921177185583534,0,False,0
2016,D3,100,Men,10.763500000000006,0.9911324333781473,0,False,0
2017,D3,100,Men,10.757400000000008,0.990570728742703,0,False,0
2018,D3,100,Men,10.756599999999999,0.9904970625610046,0,False,0
2019,D3,100,Men,10.731200000000003,0.988158161292105,0,False,0
2021,D3,100,Men,10.761100000000004,0.9909114348330542,0,True,0
2010,D3,100,Women,12.439000000000014,1.0,0,False,0
2011,D3,100,Women,12.389499999999984,0.9960205804325082,0,False,0
2012,D3,100,Women,12.277200000000002,0.9869925235147511,0,False,0
2013,D3,100,Women,12.310900000000002,0.9897017445132236,0,False,0
2014,D3,100,Women,12.257200000000006,0.9853846772248567,0,False,0
2015,D3,100,Women,12.235300000000004,0.9836240855374219,0,False,0
2016,D3,100,Women,12.237400000000013,0.9837929093978615,0,False,0
2017,D3,100,Women,12.191200000000014,0.9800787844682048,0,False,0
2018,D3,100,Women,12.246100000000004,0.9844923225339649,0,False,0
2019,D3,100,Women,12.281000000000008,0.9872980143098314,0,False,0
2021,D3,100,Women,12.2687,0.9863091888415457,0,True,0
2010,D3,10000,Men,1886.0548,1.0,1,False,0
2011,D3,10000,Men,1869.4372999999998,0.9911892803963066,1,False,0
2012,D3,10000,Men,1857.7547,0.9849950807367845,1,False,0
2013,D3,10000,Men,1864.2641999999996,0.9884464650762002,1,False,0
2014,D3,10000,Men,1866.9177000000009,0.9898533701141669,1,False,0
2015,D3,10000,Men,1879.1215,0.9963239138120483,1,False,0
2016,D3,10000,Men,1870.4581999999998,0.9917305690163403,1,False,0
2017,D3,10000,Men,1867.2487000000003,0.9900288687264021,1,False,0
2018,D3,10000,Men,1865.6498,0.9891811202940657,1,False,0
2019,D3,10000,Men,1860.2442999999998,0.9863150848002932,1,False,0
2021,D3,10000,Men,1875.0338999999994,0.9941566385027623,1,True,1
2010,D3,10000,Women,2255.1883,1.0,1,False,0
2011,D3,10000,Women,2246.786499999999,0.996274457436658,1,False,0
2012,D3,10000,Women,2243.9409000000005,0.9950126559276672,1,False,0
2013,D3,10000,Women,2234.0494000000003,0.990626547681185,1,False,0
2014,D3,10000,Women,2227.6261999999997,0.9877783597937254,1,False,0
2015,D3,10000,Women,2248.2050999999997,0.9969034958189522,1,False,0
2016,D3,10000,Women,2232.3399999999992,0.9898685621950059,1,False,0
2017,D3,10000,Women,2231.556999999999,0.9895213628059347,1,False,0
2018,D3,10000,Women,2236.2758999999996,0.9916138266591751,1,False,0
2019,D3,10000,Women,2237.7597000000005,0.9922717761527943,1,False,0
2021,D3,10000,Women,2268.868700000001,1.0060661896835847,1,True,1
2010,D3,100H,Women,15.179400000000005,1.0,0,False,0
2011,D3,100H,Women,14.950100000000003,0.9848940010804115,0,False,0
2012,D3,100H,Women,14.885299999999994,0.9806250576439114,0,False,0
2013,D3,100H,Women,14.892299999999995,0.9810862089410642,0,False,0
2014,D3,100H,Women,14.836000000000002,0.9773772349368222,0,False,0
2015,D3,100H,Women,14.8103,0.9756841508887041,0,False,0
2016,D3,100H,Women,14.801900000000005,0.9751307693321212,0,False,0
2017,D3,100H,Women,14.895500000000006,0.9812970209626205,0,False,0
2018,D3,100H,Women,14.841699999999998,0.9777527438502176,0,False,0
2019,D3,100H,Women,14.789299999999994,0.9743006969972455,0,False,0
2021,D3,100H,Women,14.908700000000001,0.9821666205515367,0,True,0
2010,D3,110H,Men,15.051199999999996,1.0,0,False,0
2011,D3,110H,Men,15.035699999999988,0.9989701817795253,0,False,0
2012,D3,110H,Men,14.966999999999993,0.9944057616668437,0,False,0
2013,D3,110H,Men,14.988600000000002,0.9958408631869888,0,False,0
2014,D3,110H,Men,14.933900000000005,0.9922066014669932,0,False,0
2015,D3,110H,Men,14.913700000000008,0.9908645157861175,0,False,0
2016,D3,110H,Men,14.8748,0.9882800042521529,0,False,0
2017,D3,110H,Men,14.923999999999992,0.9915488466035928,0,False,0
2018,D3,110H,Men,14.89260000000001,0.9894626342085691,0,False,0
2019,D3,110H,Men,14.902000000000005,0.9900871691293723,0,False,0
2021,D3,110H,Men,14.94710000000001,0.9930836079515264,0,True,0
2010,D3,1500,Men,235.04969999999997,1.0,1,False,0
2011,D3,1500,Men,234.1361999999999,0.9961135878922625,1,False,0
2012,D3,1500,Men,233.91729999999993,0.9951822954889964,1,False,0
2013,D3,1500,Men,233.92230000000004,0.9952035675859193,1,False,0
2014,D3,1500,Men,233.59300000000022,0.9938025872826055,1,False,0
2015,D3,1500,Men,233.44240000000005,0.9931618717232997,1,False,0
2016,D3,1500,Men,233.319,0.9926368763712526,1,False,0
2017,D3,1500,Men,233.7344,0.9944041621835723,1,False,0
2018,D3,1500,Men,234.04019999999997,0.9957051636313512,1,False,0
2019,D3,1500,Men,234.16539999999998,0.99623781693829,1,False,0
2021,D3,1500,Men,233.737,0.9944152236739721,1,True,1
2010,D3,1500,Women,279.7069,1.0,1,False,0
2011,D3,1500,Women,279.6779000000001,0.9998963200407286,1,False,0
2012,D3,1500,Women,278.3787,0.9952514578653582,1,False,0
2013,D3,1500,Women,277.4844,0.9920541824316811,1,False,0
2014,D3,1500,Women,277.6685,0.9927123714145056,1,False,0
2015,D3,1500,Women,277.10639999999984,0.9907027677901397,1,False,0
2016,D3,1500,Women,276.2533000000001,0.9876527894020493,1,False,0
2017,D3,1500,Women,277.7393,0.9929654935219688,1,False,0
2018,D3,1500,Women,276.3472000000001,0.9879884979598289,1,False,0
2019,D3,1500,Women,279.0091999999999,0.9975056031867641,1,False,0
2021,D3,1500,Women,281.19199999999984,1.0053094864660108,1,True,1
2010,D3,200,Men,21.931800000000003,1.0,0,False,0
2011,D3,200,Men,21.951399999999992,1.0008936794973504,0,False,0
2012,D3,200,Men,21.766400000000008,0.9924584393437842,0,False,0
2013,D3,200,Men,21.89179999999999,0.99817616429112,0,False,0
2014,D3,200,Men,21.80919999999999,0.9944099435522842,0,False,0
2015,D3,200,Men,21.765500000000007,0.9924174030403343,0,False,0
2016,D3,200,Men,21.7318,0.9908808214556032,0,False,0
2017,D3,200,Men,21.674400000000002,0.9882636172133614,0,False,0
2018,D3,200,Men,21.729500000000016,0.9907759509023433,0,False,0
2019,D3,200,Men,21.6938,0.9891481775321678,0,False,0
2021,D3,200,Men,21.7892,0.9934980256978451,0,True,0
2010,D3,200,Women,25.474099999999993,1.0,0,False,0
2011,D3,200,Women,25.416299999999996,0.9977310287703983,0,False,0
2012,D3,200,Women,25.15520000000002,0.9874814026795854,0,False,0
2013,D3,200,Women,25.272199999999984,0.9920743029194354,0,False,0
2014,D3,200,Women,25.168599999999998,0.9880074271514991,0,False,0
2015,D3,200,Women,25.12930000000001,0.9864646837376009,0,False,0
2016,D3,200,Women,25.1175,0.9860014681578547,0,False,0
2017,D3,200,Women,25.035299999999985,0.9827746613226764,0,False,0
2018,D3,200,Women,25.122700000000012,0.9862055970574042,0,False,0
2019,D3,200,Women,25.233300000000007,0.9905472617285798,0,False,0
2021,D3,200,Women,25.195499999999996,0.9890634016510889,0,True,0
2010,D3,3000S,Men,566.1124999999998,1.0,1,False,0
2011,D3,3000S,Men,564.209,0.9966375941177771,1,False,0
2012,D3,3000S,Men,560.0349000000001,0.9892643246704502,1,False,0
2013,D3,3000S,Men,563.8397999999999,0.9959854269248604,1,False,0
2014,D3,3000S,Men,565.6515000000002,0.99918567422553,1,False,0
2015,D3,3000S,Men,565.6449999999999,0.9991741924087527,1,False,0
2016,D3,3000S,Men,563.7891,0.9958958687540023,1,False,0
2017,D3,3000S,Men,564.9722000000002,0.9979857360506972,1,False,0
2018,D3,3000S,Men,562.3818000000002,0.9934099671001795,1,False,0
2019,D3,3000S,Men,563.2209000000001,0.994892181324384,1,False,0
2021,D3,3000S,Men,571.2057999999998,1.0089969749828878,1,True,1
2010,D3,3000S,Women,678.1756999999994,1.0,1,False,0
2011,D3,3000S,Women,674.2075,0.994148713968962,1,False,0
2012,D3,3000S,Women,673.5230999999999,0.9931395359639109,1,False,0
2013,D3,3000S,Women,678.4987999999996,1.0004764252095735,1,False,0
2014,D3,3000S,Women,673.7502000000001,0.9934744049366567,1,False,0
2015,D3,3000S,Women,675.9687999999998,0.9967458285515101,1,False,0
2016,D3,3000S,Women,672.9188,0.9922484689439633,1,False,0
2017,D3,3000S,Women,672.9343000000002,0.9922713243780348,1,False,0
2018,D3,3000S,Women,671.4893000000002,0.9901406081049509,1,False,0
2019,D3,3000S,Women,677.5485000000001,0.9990751659193933,1,False,0
2021,D3,3000S,Women,688.0873000000001,1.014615091634809,1,True,1
2010,D3,400,Men,48.853200000000015,1.0,0,False,0
2011,D3,400,Men,48.70550000000001,0.9969766565956784,0,False,0
2012,D3,400,Men,48.614599999999975,0.9951159801200322,0,False,0
2013,D3,400,Men,48.61479999999999,0.9951200740176687,0,False,0
2014,D3,400,Men,48.69090000000002,0.9966778020682372,0,False,0
2015,D3,400,Men,48.553200000000004,0.9938591535457245,0,False,0
2016,D3,400,Men,48.4338,0.9914150966569228,0,False,0
2017,D3,400,Men,48.49860000000002,0.9927415194910467,0,False,0
2018,D3,400,Men,48.547399999999996,0.9937404305142751,0,False,0
2019,D3,400,Men,48.62200000000001,0.9952674543325717,0,False,0
2021,D3,400,Men,48.821799999999996,0.9993572580711187,0,True,0
2010,D3,400,Women,57.7692,1.0,0,False,0
2011,D3,400,Women,57.69320000000002,0.9986844200715956,0,False,0
2012,D3,400,Women,57.5102,0.9955166420860944,0,False,0
2013,D3,400,Women,57.68099999999997,0.9984732348725613,0,False,0
2014,D3,400,Women,57.30539999999999,0.9919715003842877,0,False,0
2015,D3,400,Women,57.031800000000004,0.9872354126420309,0,False,0
2016,D3,400,Women,57.03729999999999,0.9873306190842177,0,False,0
2017,D3,400,Women,57.18639999999999,0.9899115791806014,0,False,0
2018,D3,400,Women,57.517399999999995,0.9956412759740484,0,False,0
2019,D3,400,Women,57.46879999999998,0.9947999972303577,0,False,0
2021,D3,400,Women,57.93439999999999,1.0028596553180587,0,True,0
2010,D3,400H,Men,54.6866,1.0,0,False,0
2011,D3,400H,Men,54.54300000000001,0.9973741282142246,0,False,0
2012,D3,400H,Men,54.42530000000001,0.9952218642226799,0,False,0
2013,D3,400H,Men,54.35970000000001,0.994022301624164,0,False,0
2014,D3,400H,Men,54.44569999999999,0.9955948989331936,0,False,0
2015,D3,400H,Men,54.327300000000015,0.9934298347309948,0,False,0
2016,D3,400H,Men,54.379799999999996,0.9943898505301115,0,False,0
2017,D3,400H,Men,54.40070000000001,0.9947720282482365,0,False,0
2018,D3,400H,Men,54.31699999999998,0.9932414887742149,0,False,0
2019,D3,400H,Men,54.53889999999998,0.9972991555518167,0,False,0
2021,D3,400H,Men,55.13890000000001,1.0082707646845848,0,True,0
2010,D3,400H,Women,64.5991,1.0,0,False,0
2011,D3,400H,Women,64.22479999999997,0.9942058016288148,0,False,0
2012,D3,400H,Women,64.02829999999999,0.9911639635846317,0,False,0
2013,D3,400H,Women,63.878100000000025,0.9888388537920809,0,False,0
2014,D3,400H,Women,64.24539999999998,0.9945246915204696,0,False,0
2015,D3,400H,Women,63.8305,0.9881020014210723,0,False,0
2016,D3,400H,Women,63.82730000000003,0.9880524651272234,0,False,0
2017,D3,400H,Women,63.614399999999975,0.9847567535770617,0,False,0
2018,D3,400H,Women,63.56279999999999,0.9839579808387421,0,False,0
2019,D3,400H,Women,63.935199999999995,0.9897227670354538,0,False,0
2021,D3,400H,Women,65.40800000000002,1.0125218462795922,0,True,0
2010,D3,4x100,Men,42.416199999999996,1.0,0,False,0
2011,D3,4x100,Men,42.141399999999976,0.9935213432603576,0,False,0
2012,D3,4x100,Men,42.0225,0.9907181690014665,0,False,0
2013,D3,4x100,Men,42.0356,0.9910270132638003,0,False,0
2014,D3,4x100,Men,41.96989999999999,0.9894780767725537,0,False,0
2015,D3,4x100,Men,41.81629999999998,0.9858568188569458,0,False,0
2016,D3,4x100,Men,41.86510000000002,0.9870073226738846,0,False,0
2017,D3,4x100,Men,41.79469999999999,0.9853475794625637,0,False,0
2018,D3,4x100,Men,41.82369999999999,0.9860312805013177,0,False,0
2019,D3,4x100,Men,41.716199999999986,0.98349687147835,0,False,0
2021,D3,4x100,Men,41.9743,0.9895818107232615,0,True,0
2010,D3,4x100,Women,49.32919999999999,1.0,0,False,0
2011,D3,4x100,Women,48.60099999999998,0.9852379523689819,0,False,0
2012,D3,4x100,Women,48.3554,0.9802591568482767,0,False,0
2013,D3,4x100,Women,48.5965,0.9851467285096861,0,False,0
2014,D3,4x100,Women,48.411900000000024,0.9814045230816643,0,False,0
2015,D3,4x100,Women,48.3345,0.979835472701767,0,False,0
2016,D3,4x100,Women,48.2751,0.9786313177590557,0,False,0
2017,D3,4x100,Women,48.19120000000001,0.9769304995823977,0,False,0
2018,D3,4x100,Women,48.1778,0.9766588552013818,0,False,0
2019,D3,4x100,Women,48.268799999999985,0.9785036043560404,0,False,0
2021,D3,4x100,Women,48.51739999999999,0.9835432157829439,0,True,0
2010,D3,4x400,Men,199.76069999999996,1.0,0,False,0
2011,D3,4x400,Men,197.65970000000007,0.9894824157103981,0,False,0
2012,D3,4x400,Men,196.72439999999995,0.9848003135751927,0,False,0
2013,D3,4x400,Men,197.21690000000007,0.9872657634860116,0,False,0
2014,D3,4x400,Men,197.20090000000008,0.9871856676513454,0,False,0
2015,D3,4x400,Men,196.8861,0.985609782104288,0,False,0
2016,D3,4x400,Men,196.9219,0.9857889965343535,0,False,0
2017,D3,4x400,Men,196.91719999999998,0.9857654683829202,0,False,0
2018,D3,4x400,Men,197.18089999999992,0.987085547858012,0,False,0
2019,D3,4x400,Men,197.4075,0.9882199051164721,0,False,0
2021,D3,4x400,Men,199.07010000000002,0.9965428635362215,0,True,0
2010,D3,4x400,Women,240.14829999999992,1.0,0,False,0
2011,D3,4x400,Women,235.6947,0.9814547927259951,0,False,0
2012,D3,4x400,Women,234.22509999999994,0.9753352407658102,0,False,0
2013,D3,4x400,Women,235.63270000000003,0.9811966189225578,0,False,0
2014,D3,4x400,Women,234.53910000000013,0.9766427661574127,0,False,0
2015,D3,4x400,Women,234.00840000000008,0.9744328816818614,0,False,0
2016,D3,4x400,Women,234.66249999999994,0.9771566153081243,0,False,0
2017,D3,4x400,Women,234.40480000000002,0.9760835283864183,0,False,0
2018,D3,4x400,Women,236.81530000000004,0.9861210760184441,0,False,0
2019,D3,4x400,Women,235.57680000000008,0.9809638460901041,0,False,0
2021,D3,4x400,Women,237.92789999999997,0.990754046562062,0,True,0
2010,D3,5000,Men,889.357,1.0,1,False,0
2011,D3,5000,Men,886.9648000000004,0.9973101915203911,1,False,0
2012,D3,5000,Men,881.9731999999999,0.9916975972528467,1,False,0
2013,D3,5000,Men,882.1030999999998,0.9918436578336931,1,False,0
2014,D3,5000,Men,880.9158000000003,0.9905086483830456,1,False,0
2015,D3,5000,Men,884.3965999999997,0.9944224872576476,1,False,0
2016,D3,5000,Men,880.8550000000005,0.9904402843852362,1,False,0
2017,D3,5000,Men,881.9784000000001,0.9917034441737121,1,False,0
2018,D3,5000,Men,881.9372000000003,0.9916571185699334,1,False,0
2019,D3,5000,Men,880.4658999999999,0.9900027772874109,1,False,0
2021,D3,5000,Men,883.8179999999996,0.9937719048705972,1,True,1
2010,D3,5000,Women,1059.0580000000002,1.0,1,False,0
2011,D3,5000,Women,1056.9666,0.9980252261915775,1,False,0
2012,D3,5000,Women,1048.6096999999997,0.9901343458054228,1,False,0
2013,D3,5000,Women,1048.7539000000002,0.9902705045427163,1,False,0
2014,D3,5000,Women,1044.3435,0.986106048960491,1,False,0
2015,D3,5000,Women,1052.3625000000002,0.9936778722222956,1,False,0
2016,D3,5000,Women,1045.3049,0.9870138368248008,1,False,0
2017,D3,5000,Women,1045.3796000000004,0.9870843712053544,1,False,0
2018,D3,5000,Women,1042.9412000000002,0.984781947730908,1,False,0
2019,D3,5000,Women,1050.2722000000003,0.9917041370727572,1,False,0
2021,D3,5000,Women,1061.4664,1.002274096413983,1,True,1
2010,D3,800,Men,113.41180000000006,1.0,1,False,0
2011,D3,800,Men,113.24239999999998,0.9985063282656648,1,False,0
2012,D3,800,Men,112.89189999999996,0.9954158209286856,1,False,0
2013,D3,800,Men,113.212,0.9982382785565519,1,False,0
2014,D3,800,Men,112.75400000000002,0.9941998980705709,1,False,0
2015,D3,800,Men,112.76809999999999,0.9943242237580211,1,False,0
2016,D3,800,Men,112.47189999999999,0.9917125025790962,1,False,0
2017,D3,800,Men,112.87049999999999,0.9952271280413496,1,False,0
2018,D3,800,Men,113.12509999999992,0.9974720443551717,1,False,0
2019,D3,800,Men,113.29540000000004,0.9989736517716851,1,False,0
2021,D3,800,Men,113.21490000000001,0.9982638490880134,1,True,1
2010,D3,800,Women,134.7257000000001,1.0,1,False,0
2011,D3,800,Women,134.9842,1.0019187133560996,1,False,0
2012,D3,800,Women,134.3526,0.997230669426842,1,False,0
2013,D3,800,Women,134.52209999999997,0.9984887812792946,1,False,0
2014,D3,800,Women,134.60209999999998,0.9990825803836972,1,False,0
2015,D3,800,Women,133.69090000000003,0.9923192085845531,1,False,0
2016,D3,800,Women,133.7330000000001,0.9926316953632454,1,False,0
2017,D3,800,Women,134.2192,0.9962405094202509,1,False,0
2018,D3,800,Women,134.5749,0.9988806886882007,1,False,0
2019,D3,800,Women,135.0592,1.0024754000164773,1,False,0
2021,D3,800,Women,135.4539,1.005405056347823,1,True,1
